__VisualizationStyle; ;RadioButtonUnchecked;radiobuttonunchecked.svg;
__VisualizationStyle; ;RadioButtonChecked;radiobuttonchecked.svg;
__VisualizationStyle; ;CheckboxUnchecked;checkboxunchecked.svg;
__VisualizationStyle; ;CheckboxChecked;checkboxchecked.svg;
__VisualizationStyle; ;Element-Potentiometer-Potentiometer360-Yellow;element-potentiometer-potentiometer360-yellow.svg;
__VisualizationStyle; ;Element-Potentiometer-Potentiometer360-Red;element-potentiometer-potentiometer360-red.svg;
__VisualizationStyle; ;Element-Potentiometer-Potentiometer360-Green;element-potentiometer-potentiometer360-green.svg;
__VisualizationStyle; ;Element-Potentiometer-Potentiometer360-Blue;element-potentiometer-potentiometer360-blue.svg;
__VisualizationStyle; ;Element-Potentiometer-Potentiometer360-Gray;element-potentiometer-potentiometer360-gray.svg;
__VisualizationStyle; ;Element-Meter-Meter360-Yellow;element-meter-meter360-yellow.svg;
__VisualizationStyle; ;Element-Meter-Meter360-Red;element-meter-meter360-red.svg;
__VisualizationStyle; ;Element-Meter-Meter360-Green;element-meter-meter360-green.svg;
__VisualizationStyle; ;Element-Meter-Meter360-Blue;element-meter-meter360-blue.svg;
__VisualizationStyle; ;Element-Meter-Meter360-Gray;element-meter-meter360-gray.svg;
__VisualizationStyle; ;Element-Meter-Meter180-Yellow-Top;element-meter-meter180-yellow-top.svg;
__VisualizationStyle; ;Element-Meter-Meter180-Yellow-Bottom;element-meter-meter180-yellow-bottom.svg;
__VisualizationStyle; ;Element-Meter-Meter180-Yellow-Left;element-meter-meter180-yellow-left.svg;
__VisualizationStyle; ;Element-Meter-Meter180-Yellow-Right;element-meter-meter180-yellow-right.svg;
__VisualizationStyle; ;Element-Meter-Meter180-Red-Top;element-meter-meter180-red-top.svg;
__VisualizationStyle; ;Element-Meter-Meter180-Red-Bottom;element-meter-meter180-red-bottom.svg;
__VisualizationStyle; ;Element-Meter-Meter180-Red-Left;element-meter-meter180-red-left.svg;
__VisualizationStyle; ;Element-Meter-Meter180-Red-Right;element-meter-meter180-red-right.svg;
__VisualizationStyle; ;Element-Meter-Meter180-Green-Top;element-meter-meter180-green-top.svg;
__VisualizationStyle; ;Element-Meter-Meter180-Green-Bottom;element-meter-meter180-green-bottom.svg;
__VisualizationStyle; ;Element-Meter-Meter180-Green-Left;element-meter-meter180-green-left.svg;
__VisualizationStyle; ;Element-Meter-Meter180-Green-Right;element-meter-meter180-green-right.svg;
__VisualizationStyle; ;Element-Meter-Meter180-Blue-Top;element-meter-meter180-blue-top.svg;
__VisualizationStyle; ;Element-Meter-Meter180-Blue-Bottom;element-meter-meter180-blue-bottom.svg;
__VisualizationStyle; ;Element-Meter-Meter180-Blue-Left;element-meter-meter180-blue-left.svg;
__VisualizationStyle; ;Element-Meter-Meter180-Blue-Right;element-meter-meter180-blue-right.svg;
__VisualizationStyle; ;Element-Meter-Meter180-Gray-Top;element-meter-meter180-gray-top.svg;
__VisualizationStyle; ;Element-Meter-Meter180-Gray-Bottom;element-meter-meter180-gray-bottom.svg;
__VisualizationStyle; ;Element-Meter-Meter180-Gray-Left;element-meter-meter180-gray-left.svg;
__VisualizationStyle; ;Element-Meter-Meter180-Gray-Right;element-meter-meter180-gray-right.svg;
__VisualizationStyle; ;Element-Meter-Meter90-Yellow-TopRight;element-meter-meter90-yellow-topright.svg;
__VisualizationStyle; ;Element-Meter-Meter90-Yellow-TopLeft;element-meter-meter90-yellow-topleft.svg;
__VisualizationStyle; ;Element-Meter-Meter90-Yellow-BottomLeft;element-meter-meter90-yellow-bottomleft.svg;
__VisualizationStyle; ;Element-Meter-Meter90-Yellow-BottomRight;element-meter-meter90-yellow-bottomright.svg;
__VisualizationStyle; ;Element-Meter-Meter90-Red-TopRight;element-meter-meter90-red-topright.svg;
__VisualizationStyle; ;Element-Meter-Meter90-Red-TopLeft;element-meter-meter90-red-topleft.svg;
__VisualizationStyle; ;Element-Meter-Meter90-Red-BottomLeft;element-meter-meter90-red-bottomleft.svg;
__VisualizationStyle; ;Element-Meter-Meter90-Red-BottomRight;element-meter-meter90-red-bottomright.svg;
__VisualizationStyle; ;Element-Meter-Meter90-Green-TopRight;element-meter-meter90-green-topright.svg;
__VisualizationStyle; ;Element-Meter-Meter90-Green-TopLeft;element-meter-meter90-green-topleft.svg;
__VisualizationStyle; ;Element-Meter-Meter90-Green-BottomLeft;element-meter-meter90-green-bottomleft.svg;
__VisualizationStyle; ;Element-Meter-Meter90-Green-BottomRight;element-meter-meter90-green-bottomright.svg;
__VisualizationStyle; ;Element-Meter-Meter90-Blue-TopRight;element-meter-meter90-blue-topright.svg;
__VisualizationStyle; ;Element-Meter-Meter90-Blue-TopLeft;element-meter-meter90-blue-topleft.svg;
__VisualizationStyle; ;Element-Meter-Meter90-Blue-BottomLeft;element-meter-meter90-blue-bottomleft.svg;
__VisualizationStyle; ;Element-Meter-Meter90-Blue-BottomRight;element-meter-meter90-blue-bottomright.svg;
__VisualizationStyle; ;Element-Meter-Meter90-Gray-TopRight;element-meter-meter90-gray-topright.svg;
__VisualizationStyle; ;Element-Meter-Meter90-Gray-TopLeft;element-meter-meter90-gray-topleft.svg;
__VisualizationStyle; ;Element-Meter-Meter90-Gray-BottomLeft;element-meter-meter90-gray-bottomleft.svg;
__VisualizationStyle; ;Element-Meter-Meter90-Gray-BottomRight;element-meter-meter90-gray-bottomright.svg;
__VisualizationStyle; ;Element-Switch-DipSwitch-Blue-Off;element-switch-dipswitch-blue-off.svg;
__VisualizationStyle; ;Element-Switch-DipSwitch-Blue-On;element-switch-dipswitch-blue-on.svg;
__VisualizationStyle; ;Element-Switch-DipSwitch-Green-Off;element-switch-dipswitch-green-off.svg;
__VisualizationStyle; ;Element-Switch-DipSwitch-Green-On;element-switch-dipswitch-green-on.svg;
__VisualizationStyle; ;Element-Switch-DipSwitch-Red-Off;element-switch-dipswitch-red-off.svg;
__VisualizationStyle; ;Element-Switch-DipSwitch-Red-On;element-switch-dipswitch-red-on.svg;
__VisualizationStyle; ;Element-Switch-DipSwitch-Yellow-Off;element-switch-dipswitch-yellow-off.svg;
__VisualizationStyle; ;Element-Switch-DipSwitch-Yellow-On;element-switch-dipswitch-yellow-on.svg;
__VisualizationStyle; ;Element-Switch-DipSwitch-Gray-Off;element-switch-dipswitch-gray-off.svg;
__VisualizationStyle; ;Element-Switch-DipSwitch-Gray-On;element-switch-dipswitch-gray-on.svg;
__VisualizationStyle; ;Element-Switch-RockerSwitch-Blue-Off;element-switch-rockerswitch-blue-off.svg;
__VisualizationStyle; ;Element-Switch-RockerSwitch-Blue-On;element-switch-rockerswitch-blue-on.svg;
__VisualizationStyle; ;Element-Switch-RockerSwitch-Green-Off;element-switch-rockerswitch-green-off.svg;
__VisualizationStyle; ;Element-Switch-RockerSwitch-Green-On;element-switch-rockerswitch-green-on.svg;
__VisualizationStyle; ;Element-Switch-RockerSwitch-Red-Off;element-switch-rockerswitch-red-off.svg;
__VisualizationStyle; ;Element-Switch-RockerSwitch-Red-On;element-switch-rockerswitch-red-on.svg;
__VisualizationStyle; ;Element-Switch-RockerSwitch-Yellow-Off;element-switch-rockerswitch-yellow-off.svg;
__VisualizationStyle; ;Element-Switch-RockerSwitch-Yellow-On;element-switch-rockerswitch-yellow-on.svg;
__VisualizationStyle; ;Element-Switch-RockerSwitch-Gray-Off;element-switch-rockerswitch-gray-off.svg;
__VisualizationStyle; ;Element-Switch-RockerSwitch-Gray-On;element-switch-rockerswitch-gray-on.svg;
__VisualizationStyle; ;Element-Switch-PowerSwitch-Blue-Off;element-switch-powerswitch-blue-off.svg;
__VisualizationStyle; ;Element-Switch-PowerSwitch-Blue-On;element-switch-powerswitch-blue-on.svg;
__VisualizationStyle; ;Element-Switch-PowerSwitch-Blue-Pushed;element-switch-powerswitch-blue-pushed.svg;
__VisualizationStyle; ;Element-Switch-PowerSwitch-Green-Off;element-switch-powerswitch-green-off.svg;
__VisualizationStyle; ;Element-Switch-PowerSwitch-Green-On;element-switch-powerswitch-green-on.svg;
__VisualizationStyle; ;Element-Switch-PowerSwitch-Green-Pushed;element-switch-powerswitch-green-pushed.svg;
__VisualizationStyle; ;Element-Switch-PowerSwitch-Red-Off;element-switch-powerswitch-red-off.svg;
__VisualizationStyle; ;Element-Switch-PowerSwitch-Red-On;element-switch-powerswitch-red-on.svg;
__VisualizationStyle; ;Element-Switch-PowerSwitch-Red-Pushed;element-switch-powerswitch-red-pushed.svg;
__VisualizationStyle; ;Element-Switch-PowerSwitch-Yellow-Off;element-switch-powerswitch-yellow-off.svg;
__VisualizationStyle; ;Element-Switch-PowerSwitch-Yellow-On;element-switch-powerswitch-yellow-on.svg;
__VisualizationStyle; ;Element-Switch-PowerSwitch-Yellow-Pushed;element-switch-powerswitch-yellow-pushed.svg;
__VisualizationStyle; ;Element-Switch-PowerSwitch-Gray-Off;element-switch-powerswitch-gray-off.svg;
__VisualizationStyle; ;Element-Switch-PowerSwitch-Gray-On;element-switch-powerswitch-gray-on.svg;
__VisualizationStyle; ;Element-Switch-PowerSwitch-Gray-Pushed;element-switch-powerswitch-gray-pushed.svg;
__VisualizationStyle; ;Element-Switch-PushSwitch-Blue-Off;element-switch-pushswitch-blue-off.svg;
__VisualizationStyle; ;Element-Switch-PushSwitch-Blue-On;element-switch-pushswitch-blue-on.svg;
__VisualizationStyle; ;Element-Switch-PushSwitch-Blue-Pushed;element-switch-pushswitch-blue-pushed.svg;
__VisualizationStyle; ;Element-Switch-PushSwitch-Green-Off;element-switch-pushswitch-green-off.svg;
__VisualizationStyle; ;Element-Switch-PushSwitch-Green-On;element-switch-pushswitch-green-on.svg;
__VisualizationStyle; ;Element-Switch-PushSwitch-Green-Pushed;element-switch-pushswitch-green-pushed.svg;
__VisualizationStyle; ;Element-Switch-PushSwitch-Red-Off;element-switch-pushswitch-red-off.svg;
__VisualizationStyle; ;Element-Switch-PushSwitch-Red-On;element-switch-pushswitch-red-on.svg;
__VisualizationStyle; ;Element-Switch-PushSwitch-Red-Pushed;element-switch-pushswitch-red-pushed.svg;
__VisualizationStyle; ;Element-Switch-PushSwitch-Yellow-Off;element-switch-pushswitch-yellow-off.svg;
__VisualizationStyle; ;Element-Switch-PushSwitch-Yellow-On;element-switch-pushswitch-yellow-on.svg;
__VisualizationStyle; ;Element-Switch-PushSwitch-Yellow-Pushed;element-switch-pushswitch-yellow-pushed.svg;
__VisualizationStyle; ;Element-Switch-PushSwitch-Gray-Off;element-switch-pushswitch-gray-off.svg;
__VisualizationStyle; ;Element-Switch-PushSwitch-Gray-On;element-switch-pushswitch-gray-on.svg;
__VisualizationStyle; ;Element-Switch-PushSwitch-Gray-Pushed;element-switch-pushswitch-gray-pushed.svg;
__VisualizationStyle; ;Element-Switch-PushSwitchLed-Blue-Off;element-switch-pushswitchled-blue-off.svg;
__VisualizationStyle; ;Element-Switch-PushSwitchLed-Blue-On;element-switch-pushswitchled-blue-on.svg;
__VisualizationStyle; ;Element-Switch-PushSwitchLed-Blue-Pushed;element-switch-pushswitchled-blue-pushed.svg;
__VisualizationStyle; ;Element-Switch-PushSwitchLed-Green-Off;element-switch-pushswitchled-green-off.svg;
__VisualizationStyle; ;Element-Switch-PushSwitchLed-Green-On;element-switch-pushswitchled-green-on.svg;
__VisualizationStyle; ;Element-Switch-PushSwitchLed-Green-Pushed;element-switch-pushswitchled-green-pushed.svg;
__VisualizationStyle; ;Element-Switch-PushSwitchLed-Red-Off;element-switch-pushswitchled-red-off.svg;
__VisualizationStyle; ;Element-Switch-PushSwitchLed-Red-On;element-switch-pushswitchled-red-on.svg;
__VisualizationStyle; ;Element-Switch-PushSwitchLed-Red-Pushed;element-switch-pushswitchled-red-pushed.svg;
__VisualizationStyle; ;Element-Switch-PushSwitchLed-Yellow-Off;element-switch-pushswitchled-yellow-off.svg;
__VisualizationStyle; ;Element-Switch-PushSwitchLed-Yellow-On;element-switch-pushswitchled-yellow-on.svg;
__VisualizationStyle; ;Element-Switch-PushSwitchLed-Yellow-Pushed;element-switch-pushswitchled-yellow-pushed.svg;
__VisualizationStyle; ;Element-Switch-PushSwitchLed-Gray-Off;element-switch-pushswitchled-gray-off.svg;
__VisualizationStyle; ;Element-Switch-PushSwitchLed-Gray-On;element-switch-pushswitchled-gray-on.svg;
__VisualizationStyle; ;Element-Switch-PushSwitchLed-Gray-Pushed;element-switch-pushswitchled-gray-pushed.svg;
__VisualizationStyle; ;Element-Switch-RotarySwitch-Blue-Left;element-switch-rotaryswitch-blue-left.svg;
__VisualizationStyle; ;Element-Switch-RotarySwitch-Blue-RightUp;element-switch-rotaryswitch-blue-rightup.svg;
__VisualizationStyle; ;Element-Switch-RotarySwitch-Blue-Down;element-switch-rotaryswitch-blue-down.svg;
__VisualizationStyle; ;Element-Switch-RotarySwitch-Blue-RUp-ColorOff;element-switch-rotaryswitch-blue-rup-coloroff.svg;
__VisualizationStyle; ;Element-Switch-RotarySwitch-Green-Left;element-switch-rotaryswitch-green-left.svg;
__VisualizationStyle; ;Element-Switch-RotarySwitch-Green-RightUp;element-switch-rotaryswitch-green-rightup.svg;
__VisualizationStyle; ;Element-Switch-RotarySwitch-Green-Down;element-switch-rotaryswitch-green-down.svg;
__VisualizationStyle; ;Element-Switch-RotarySwitch-Green-RUp-ColorOff;element-switch-rotaryswitch-green-rup-coloroff.svg;
__VisualizationStyle; ;Element-Switch-RotarySwitch-Red-Left;element-switch-rotaryswitch-red-left.svg;
__VisualizationStyle; ;Element-Switch-RotarySwitch-Red-RightUp;element-switch-rotaryswitch-red-rightup.svg;
__VisualizationStyle; ;Element-Switch-RotarySwitch-Red-Down;element-switch-rotaryswitch-red-down.svg;
__VisualizationStyle; ;Element-Switch-RotarySwitch-Red-RUp-ColorOff;element-switch-rotaryswitch-red-rup-coloroff.svg;
__VisualizationStyle; ;Element-Switch-RotarySwitch-Yellow-Left;element-switch-rotaryswitch-yellow-left.svg;
__VisualizationStyle; ;Element-Switch-RotarySwitch-Yellow-RightUp;element-switch-rotaryswitch-yellow-rightup.svg;
__VisualizationStyle; ;Element-Switch-RotarySwitch-Yellow-Down;element-switch-rotaryswitch-yellow-down.svg;
__VisualizationStyle; ;Element-Switch-RotarySwitch-Yellow-RUp-ColorOff;element-switch-rotaryswitch-yellow-rup-coloroff.svg;
__VisualizationStyle; ;Element-Clock-Blue;element-clock-blue.svg;
__VisualizationStyle; ;Element-Clock-Gray;element-clock-gray.svg;
__VisualizationStyle; ;Element-Clock-Green;element-clock-green.svg;
__VisualizationStyle; ;Element-Clock-Red;element-clock-red.svg;
__VisualizationStyle; ;Element-Clock-Yellow;element-clock-yellow.svg;
__VisualizationStyle; ;Element-Switch-RotarySwitch-Gray-Left;element-switch-rotaryswitch-gray-left.svg;
__VisualizationStyle; ;Element-Switch-RotarySwitch-Gray-RightUp;element-switch-rotaryswitch-gray-rightup.svg;
__VisualizationStyle; ;Element-Switch-RotarySwitch-Gray-Down;element-switch-rotaryswitch-gray-down.svg;
__VisualizationStyle; ;Element-Switch-RotarySwitch-Gray-RUp-ColorOff;element-switch-rotaryswitch-gray-rup-coloroff.svg;
__VisualizationStyle; ;Element-Lamp-Lamp1-Blue-Off;element-lamp-lamp1-blue-off.svg;
__VisualizationStyle; ;Element-Lamp-Lamp1-Blue-On;element-lamp-lamp1-blue-on.svg;
__VisualizationStyle; ;Element-Lamp-Lamp1-Green-Off;element-lamp-lamp1-green-off.svg;
__VisualizationStyle; ;Element-Lamp-Lamp1-Green-On;element-lamp-lamp1-green-on.svg;
__VisualizationStyle; ;Element-Lamp-Lamp1-Red-Off;element-lamp-lamp1-red-off.svg;
__VisualizationStyle; ;Element-Lamp-Lamp1-Red-On;element-lamp-lamp1-red-on.svg;
__VisualizationStyle; ;Element-Lamp-Lamp1-Yellow-Off;element-lamp-lamp1-yellow-off.svg;
__VisualizationStyle; ;Element-Lamp-Lamp1-Yellow-On;element-lamp-lamp1-yellow-on.svg;
__VisualizationStyle; ;Element-Lamp-Lamp1-Gray-Off;element-lamp-lamp1-gray-off.svg;
__VisualizationStyle; ;Element-Lamp-Lamp1-Gray-On;element-lamp-lamp1-gray-on.svg;
__VisualizationStyle; ;CheckboxBlue;checkboxblue.svg;
__VisualizationStyle; ;CheckboxGray;checkboxgray.svg;
__VisualizationStyle; ;CheckboxGreen;checkboxgreen.svg;
__VisualizationStyle; ;CheckboxRed;checkboxred.svg;
__VisualizationStyle; ;CheckboxYellow;checkboxyellow.svg;
__VisualizationStyle; ;RadioButtonBlue;radiobuttonblue.svg;
__VisualizationStyle; ;RadioButtonGray;radiobuttongray.svg;
__VisualizationStyle; ;RadioButtonGreen;radiobuttongreen.svg;
__VisualizationStyle; ;RadioButtonRed;radiobuttonred.svg;
__VisualizationStyle; ;RadioButtonYellow;radiobuttonyellow.svg;
Symbols;VisuSymbols;4ArrowsIn;4arrowsin.svg;
Symbols;VisuSymbols;4ArrowsOut;4arrowsout.svg;
Symbols;VisuSymbols;4ArrowsOut2;4arrowsout2.svg;
Symbols;VisuSymbols;AddUser;adduser.svg;
Symbols;VisuSymbols;AlarmClock;alarmclock.svg;
Symbols;VisuSymbols;Appendix;appendix.svg;
Symbols;VisuSymbols;ArrowBack;arrowback.svg;
Symbols;VisuSymbols;ArrowBoldDown;arrowbolddown.svg;
Symbols;VisuSymbols;ArrowBoldLeft;arrowboldleft.svg;
Symbols;VisuSymbols;ArrowBoldLeftDown;arrowboldleftdown.svg;
Symbols;VisuSymbols;ArrowBoldLeftUp;arrowboldleftup.svg;
Symbols;VisuSymbols;ArrowBoldRight;arrowboldright.svg;
Symbols;VisuSymbols;ArrowBoldRightDown;arrowboldrightdown.svg;
Symbols;VisuSymbols;ArrowBoldRightUp;arrowboldrightup.svg;
Symbols;VisuSymbols;ArrowBoldUp;arrowboldup.svg;
Symbols;VisuSymbols;ArrowCircle2LeftRightLeft;arrowcircle2leftrightleft.svg;
Symbols;VisuSymbols;ArrowCircle2LeftUpDown;arrowcircle2leftupdown.svg;
Symbols;VisuSymbols;ArrowCircle2RightRightLeft;arrowcircle2rightrightleft.svg;
Symbols;VisuSymbols;ArrowCircle2RightUpDown;arrowcircle2rightupdown.svg;
Symbols;VisuSymbols;ArrowDown;arrowdown.svg;
Symbols;VisuSymbols;ArrowDownLeft;arrowdownleft.svg;
Symbols;VisuSymbols;ArrowDownRight;arrowdownright.svg;
Symbols;VisuSymbols;ArrowForward;arrowforward.svg;
Symbols;VisuSymbols;ArrowHalfLeftDown;arrowhalfleftdown.svg;
Symbols;VisuSymbols;ArrowHalfLeftLeft;arrowhalfleftleft.svg;
Symbols;VisuSymbols;ArrowHalfLeftRight;arrowhalfleftright.svg;
Symbols;VisuSymbols;ArrowHalfLeftUp;arrowhalfleftup.svg;
Symbols;VisuSymbols;ArrowHalfRightDown;arrowhalfrightdown.svg;
Symbols;VisuSymbols;ArrowHalfRightLeft;arrowhalfrightleft.svg;
Symbols;VisuSymbols;ArrowHalfRightRight;arrowhalfrightright.svg;
Symbols;VisuSymbols;ArrowHalfRightUp;arrowhalfrightup.svg;
Symbols;VisuSymbols;ArrowQuarterLeftDown;arrowquarterleftdown.svg;
Symbols;VisuSymbols;ArrowQuarterLeftLeft;arrowquarterleftleft.svg;
Symbols;VisuSymbols;ArrowQuarterLeftRight;arrowquarterleftright.svg;
Symbols;VisuSymbols;ArrowQuarterLeftUp;arrowquarterleftup.svg;
Symbols;VisuSymbols;ArrowQuarterRightDown;arrowquarterrightdown.svg;
Symbols;VisuSymbols;ArrowQuarterRightLeft;arrowquarterrightleft.svg;
Symbols;VisuSymbols;ArrowQuarterRightRight;arrowquarterrightright.svg;
Symbols;VisuSymbols;ArrowQuarterRightUp;arrowquarterrightup.svg;
Symbols;VisuSymbols;ArrowRoundLeftBottom;arrowroundleftbottom.svg;
Symbols;VisuSymbols;ArrowRoundLeftLeft;arrowroundleftleft.svg;
Symbols;VisuSymbols;ArrowRoundLeftRight;arrowroundleftright.svg;
Symbols;VisuSymbols;ArrowRoundLeftUp;arrowroundleftup.svg;
Symbols;VisuSymbols;ArrowRoundRightDown;arrowroundrightdown.svg;
Symbols;VisuSymbols;ArrowRoundRightLeft;arrowroundrightleft.svg;
Symbols;VisuSymbols;ArrowRoundRightRight;arrowroundrightright.svg;
Symbols;VisuSymbols;ArrowRoundRightUp;arrowroundrightup.svg;
Symbols;VisuSymbols;ArrowUpLeft;arrowupleft.svg;
Symbols;VisuSymbols;ArrowUpRight;arrowupright.svg;
Symbols;VisuSymbols;BackFast;backfast.svg;
Symbols;VisuSymbols;BackSlowly;backslowly.svg;
Symbols;VisuSymbols;BackStandard;backstandard.svg;
Symbols;VisuSymbols;BatteryCritical;batterycritical.svg;
Symbols;VisuSymbols;BatteryFull;batteryfull.svg;
Symbols;VisuSymbols;BatteryLow;batterylow.svg;
Symbols;VisuSymbols;BatteryMedium;batterymedium.svg;
Symbols;VisuSymbols;Bell;bell.svg;
Symbols;VisuSymbols;Bold;bold.svg;
Symbols;VisuSymbols;Box;box.svg;
Symbols;VisuSymbols;Bracket;bracket.svg;
Symbols;VisuSymbols;Bracket2;bracket2.svg;
Symbols;VisuSymbols;Calculator;calculator.svg;
Symbols;VisuSymbols;Calender;calender.svg;
Symbols;VisuSymbols;CalenderDate;calenderdate.svg;
Symbols;VisuSymbols;CalenderDay;calenderday.svg;
Symbols;VisuSymbols;Caution;caution.svg;
Symbols;VisuSymbols;Caution2;caution2.svg;
Symbols;VisuSymbols;Centered;centered.svg;
Symbols;VisuSymbols;Chart;chart.svg;
Symbols;VisuSymbols;Chart2;chart2.svg;
Symbols;VisuSymbols;Checklist;checklist.svg;
Symbols;VisuSymbols;Clipboard;clipboard.svg;
Symbols;VisuSymbols;Clock;clock.svg;
Symbols;VisuSymbols;Color;color.svg;
Symbols;VisuSymbols;ControlPanel;controlpanel.svg;
Symbols;VisuSymbols;Database;database.svg;
Symbols;VisuSymbols;Database2;database2.svg;
Symbols;VisuSymbols;Delete;delete.svg;
Symbols;VisuSymbols;DeleteUser;deleteuser.svg;
Symbols;VisuSymbols;Diagram;diagram.svg;
Symbols;VisuSymbols;Doc;doc.svg;
Symbols;VisuSymbols;Doc-;doc-.svg;
Symbols;VisuSymbols;Doc+;doc+.svg;
Symbols;VisuSymbols;Doc2-;doc2-.svg;
Symbols;VisuSymbols;Doc2+;doc2+.svg;
Symbols;VisuSymbols;Doc2Code;doc2code.svg;
Symbols;VisuSymbols;Doc2Delete;doc2delete.svg;
Symbols;VisuSymbols;Doc2Download;doc2download.svg;
Symbols;VisuSymbols;Doc2Edit;doc2edit.svg;
Symbols;VisuSymbols;Doc2empty;doc2empty.svg;
Symbols;VisuSymbols;Doc2Favorite;doc2favorite.svg;
Symbols;VisuSymbols;Doc2PDF;doc2pdf.svg;
Symbols;VisuSymbols;Doc2Upload;doc2upload.svg;
Symbols;VisuSymbols;DocExcel;docexcel.svg;
Symbols;VisuSymbols;DocExcel2;docexcel2.svg;
Symbols;VisuSymbols;DocExcel3;docexcel3.svg;
Symbols;VisuSymbols;DocWord;docword.svg;
Symbols;VisuSymbols;DoubleArrow1;doublearrow1.svg;
Symbols;VisuSymbols;DoubleArrow2;doublearrow2.svg;
Symbols;VisuSymbols;DoubleArrow3;doublearrow3.svg;
Symbols;VisuSymbols;DoubleArrow4;doublearrow4.svg;
Symbols;VisuSymbols;DoubleArrow5;doublearrow5.svg;
Symbols;VisuSymbols;DoubleArrow6;doublearrow6.svg;
Symbols;VisuSymbols;Download;download.svg;
Symbols;VisuSymbols;Edit;edit.svg;
Symbols;VisuSymbols;Editor;editor.svg;
Symbols;VisuSymbols;EditorEmpty;editorempty.svg;
Symbols;VisuSymbols;EditUser;edituser.svg;
Symbols;VisuSymbols;Eject;eject.svg;
Symbols;VisuSymbols;Eraser;eraser.svg;
Symbols;VisuSymbols;Favorite;favorite.svg;
Symbols;VisuSymbols;Folder;folder.svg;
Symbols;VisuSymbols;FolderAdd;folderadd.svg;
Symbols;VisuSymbols;FolderChecked;folderchecked.svg;
Symbols;VisuSymbols;FolderClosed;folderclosed.svg;
Symbols;VisuSymbols;FolderConnected;folderconnected.svg;
Symbols;VisuSymbols;FolderFavorite;folderfavorite.svg;
Symbols;VisuSymbols;FolderNoAccess;foldernoaccess.svg;
Symbols;VisuSymbols;FolderSubract;foldersubract.svg;
Symbols;VisuSymbols;Font;font.svg;
Symbols;VisuSymbols;ForwardFast;forwardfast.svg;
Symbols;VisuSymbols;ForwardSlowly;forwardslowly.svg;
Symbols;VisuSymbols;ForwardStandard;forwardstandard.svg;
Symbols;VisuSymbols;Globe;globe.svg;
Symbols;VisuSymbols;Home;home.svg;
Symbols;VisuSymbols;HourGlass;hourglass.svg;
Symbols;VisuSymbols;HourGlassDown;hourglassdown.svg;
Symbols;VisuSymbols;HourGlassUp;hourglassup.svg;
Symbols;VisuSymbols;Humidity;humidity.svg;
Symbols;VisuSymbols;Information;information.svg;
Symbols;VisuSymbols;IPod;ipod.svg;
Symbols;VisuSymbols;Italic;italic.svg;
Symbols;VisuSymbols;Justification;justification.svg;
Symbols;VisuSymbols;Keeper;keeper.svg;
Symbols;VisuSymbols;Key;key.svg;
Symbols;VisuSymbols;Left-aligned;left-aligned.svg;
Symbols;VisuSymbols;light;light.svg;
Symbols;VisuSymbols;Link;link.svg;
Symbols;VisuSymbols;ListNumbers;listnumbers.svg;
Symbols;VisuSymbols;ListPoints;listpoints.svg;
Symbols;VisuSymbols;Lock;lock.svg;
Symbols;VisuSymbols;LockOpen;lockopen.svg;
Symbols;VisuSymbols;loudspeaker;loudspeaker.svg;
Symbols;VisuSymbols;loudspeakerLoud;loudspeakerloud.svg;
Symbols;VisuSymbols;loudspeakerMedium;loudspeakermedium.svg;
Symbols;VisuSymbols;loudspeakerOff;loudspeakeroff.svg;
Symbols;VisuSymbols;Loupe;loupe.svg;
Symbols;VisuSymbols;LoupeZoom-;loupezoom-.svg;
Symbols;VisuSymbols;LoupeZoom+;loupezoom+.svg;
Symbols;VisuSymbols;Marker;marker.svg;
Symbols;VisuSymbols;Marker-;marker-.svg;
Symbols;VisuSymbols;Marker+;marker+.svg;
Symbols;VisuSymbols;Meter;meter.svg;
Symbols;VisuSymbols;Micro;micro.svg;
Symbols;VisuSymbols;MonitorCurve;monitorcurve.svg;
Symbols;VisuSymbols;MonitorDiagram;monitordiagram.svg;
Symbols;VisuSymbols;Mouse;mouse.svg;
Symbols;VisuSymbols;Network;network.svg;
Symbols;VisuSymbols;No;no.svg;
Symbols;VisuSymbols;Note;note.svg;
Symbols;VisuSymbols;NoteDouble;notedouble.svg;
Symbols;VisuSymbols;OK;ok.svg;
Symbols;VisuSymbols;Pause;pause.svg;
Symbols;VisuSymbols;Phone;phone.svg;
Symbols;VisuSymbols;Play;play.svg;
Symbols;VisuSymbols;Print;print.svg;
Symbols;VisuSymbols;Question;question.svg;
Symbols;VisuSymbols;Rec;rec.svg;
Symbols;VisuSymbols;right-aligned;right-aligned.svg;
Symbols;VisuSymbols;RSS1;rss1.svg;
Symbols;VisuSymbols;RSS2;rss2.svg;
Symbols;VisuSymbols;Save;save.svg;
Symbols;VisuSymbols;Screen;screen.svg;
Symbols;VisuSymbols;Security;security.svg;
Symbols;VisuSymbols;Sign;sign.svg;
Symbols;VisuSymbols;Sign2;sign2.svg;
Symbols;VisuSymbols;Signal;signal.svg;
Symbols;VisuSymbols;Speech;speech.svg;
Symbols;VisuSymbols;Stop;stop.svg;
Symbols;VisuSymbols;Stopwatch;stopwatch.svg;
Symbols;VisuSymbols;Technique;technique.svg;
Symbols;VisuSymbols;Text;text.svg;
Symbols;VisuSymbols;Timer;timer.svg;
Symbols;VisuSymbols;TreeDown;treedown.svg;
Symbols;VisuSymbols;TreeRight;treeright.svg;
Symbols;VisuSymbols;TreeUp;treeup.svg;
Symbols;VisuSymbols;TriangleDown;triangledown.svg;
Symbols;VisuSymbols;TriangleLeft;triangleleft.svg;
Symbols;VisuSymbols;TriangleRight;triangleright.svg;
Symbols;VisuSymbols;TriangleUp;triangleup.svg;
Symbols;VisuSymbols;TwoWheels;twowheels.svg;
Symbols;VisuSymbols;Underline;underline.svg;
Symbols;VisuSymbols;USB;usb.svg;
Symbols;VisuSymbols;User;user.svg;
Symbols;VisuSymbols;Ventilator;ventilator.svg;
Symbols;VisuSymbols;View;view.svg;
Symbols;VisuSymbols;voltage;voltage.svg;
Symbols;VisuSymbols;Wheel;wheel.svg;
Symbols;VisuSymbols;Wrong;wrong.svg;
Symbols;VisuSymbols;Yes;yes.svg;
Symbols;VisuSymbols;Clock_Blue_Chrome;clock_blue.svg;
Symbols;VisuSymbols;Clock_Gray_Chrome;clock_gray.svg;
Symbols;VisuSymbols;Clock_Green_Chrome;clock_green.svg;
Symbols;VisuSymbols;Clock_Red_Chrome;clock_red.svg;
Symbols;VisuSymbols;Clock_Yellow_Chrome;clock_yellow.svg;
Symbols;VisuSymbols;Clock_Blue_FlatStyle;clock_blue.svg;
Symbols;VisuSymbols;Clock_Gray_FlatStyle;clock_gray.svg;
Symbols;VisuSymbols;Clock_Green_FlatStyle;clock_green.svg;
Symbols;VisuSymbols;Clock_Red_FlatStyle;clock_red.svg;
Symbols;VisuSymbols;Clock_Yellow_FlatStyle;clock_yellow.svg;
Symbols;VisuSymbols;Clock_Blue;clock_blue.svg;
Symbols;VisuSymbols;Clock_Gray;clock_gray.svg;
Symbols;VisuSymbols;Clock_Green;clock_green.svg;
Symbols;VisuSymbols;Clock_Red;clock_red.svg;
Symbols;VisuSymbols;Clock_Yellow;clock_yellow.svg;
IP_ElementImages;VisuElems;RoundRectangle;roundrectangle.svg;
IP_ElementImages;VisuElems;Ellipse;ellipse.svg;
IP_ElementImages;VisuElems;Polygon;polygon.svg;
IP_ElementImages;VisuElems;Polyline;polyline.svg;
IP_ElementImages;VisuElems;BezierCurve;béziercurve.svg;
IP_ElementImages;VisuElems;Button;button.svg;
IP_ElementImages;VisuElems;Image;image.svg;
IP_ElementImages;VisuElems;Line;line.svg;
IP_ElementImages;VisuElems;Pie;pie.svg;
IP_ElementImages;VisuElems;Frame;frame.svg;
IP_ElementImages;VisuElems;Groupbox;groupbox.svg;
IP_ElementImages;VisuElems;TabControl;tabcontrol.svg;
IP_ElementImages;VisuElems;Rectangle;rectangle.svg;
UpdateGroups;WagoSysVisuBACnet;config;parameters_upload_normal.png;
UpdateGroups;WagoSysVisuBACnet;cyclic;repeat_normal.png;
UpdateGroups;WagoSysVisuBACnet;on_trigger;ribbon_group_execute_normal.png;
UpdateGroups;WagoSysVisuBACnet;out_of_sync_normal;out_of_sync_normal.png;
BACnetIcons;WagoSysVisuBACnet;4;status_error.png;
BACnetIcons;WagoSysVisuBACnet;2;status_warning.png;
BACnetIcons;WagoSysVisuBACnet;1;status_info.png;
BACnetIcons;WagoSysVisuBACnet;5;status_help.png;
BACnetIcons;WagoSysVisuBACnet;3;status_ok.png;
BACnetIcons;WagoSysVisuBACnet;9;delete.png;
BACnetIcons;WagoSysVisuBACnet;100;checkboxchecked_def.svg;
BACnetIcons;WagoSysVisuBACnet;101;checkboxunchecked_def.svg;
BACnetIcons;WagoSysVisuBACnet;900;dp_datapoint.png;
BACnetIcons;WagoSysVisuBACnet;901;dp_datapoint_dynamic_create.png;
BACnetIcons;WagoSysVisuBACnet;1502;write_at_once.png;
BACnetIcons;WagoSysVisuBACnet;WagoBACnetIcon;wagobacneticon.png;
BACnetIcons;WagoSysVisuBACnet;10001;error_02.png;
BACnetIcons;WagoSysVisuBACnet;10000;ok_green_04.png;
BACnetIcons;WagoSysVisuBACnet;10002;error_03.png;
BACnetIcons;WagoSysVisuBACnet;WAGO-Icon-152;wago-icon-152.png;
BACnetIcons;WagoSysVisuBACnet;65535;no_image.png;
BACnetIcons;WagoSysVisuBACnet;Loupe;loupe.png;
IP_ElementImages;VisuElemMeter;Histogram;histogram.svg;
IP_ElementImages;VisuElemsSpecialControls;ImageSwitcher;imageswitcher.svg;
IP_ElementImages;VisuElemsSpecialControls;WaitingSymbolCube;waitingcube.svg;
IP_ElementImages;VisuElemsSpecialControls;WaitingSymbolFlower;waitingflower.svg;
IP_ElementImages;VisuElemsWinControls;Checkbox;checkbox.svg;
IP_ElementImages;VisuElemsWinControls;ComboBoxInteger;combobox.svg;
IP_ElementImages;VisuElemsWinControls;ComboBoxArray;comboboxarray.svg;
IP_ElementImages;VisuElemsWinControls;InvisibleInput;invisibleinput.svg;
IP_ElementImages;VisuElemsWinControls;Label;label.svg;
IP_ElementImages;VisuElemsWinControls;ProgressBar;progressbar.svg;
IP_ElementImages;VisuElemsWinControls;RadioButton;radiobutton.svg;
IP_ElementImages;VisuElemsWinControls;Scrollbar;scrollbar.svg;
IP_ElementImages;VisuElemsWinControls;Slider;slider.svg;
IP_ElementImages;VisuElemsWinControls;SpinControl;spincontrol.svg;
IP_ElementImages;VisuElemsWinControls;Table;table.svg;
IP_ElementImages;VisuElemsWinControls;TextField;textfield.svg;
IP_ElementImages;VisuElemTextEditor;TextEditor;texteditor.svg;
IP_ElementImages;VisuElemTrace;RuntimeTrace;trace.svg;
IP_ElementImages;VisuElemTrace;Trend;trend.svg;
IP_ElementImages;VisuElemTrace;LegendDisplayer;legend.svg;
IP_ElementImages;VisuNativeControl;NativeControl;activex.svg;
IP_ElementImages;VisuNativeControl;BrowserControl;webbrowser.svg;
IP_ElementImages;VisuElemsAlarm;AlarmBanner;alarmbanner.svg;
IP_ElementImages;VisuElemsAlarm;AlarmTable;alarmtable.svg;
IP_ElementImages;VisuElemCamDisplayer;CamDisplayer;camdisplayer.svg;
ImagePool_3DPath;VisuElem3DPath;ControlPanel;navigationspanel_ohnerand.svg;
IP_ElementImages;VisuElem3DPath;3DPath;3dpath.svg;
IP_ElementImages;VisuElemsDateTime;DateRangeSelector;daterange.svg;
IP_ElementImages;VisuElemsDateTime;TimeSelector;timeselector.svg;
IP_ElementImages;VisuElemsDateTime;AnalogClock;uhr.svg;
IP_ElementImages;VisuElemsDateTime;Calendar;kalender.svg;
IP_ElementImages;VisuElemsDateTime;DateTimePicker;kalenderday.svg;
IP_ElementImages;VisuElemXYChart;XYChart;xychart.svg;
ImagePoolDialogs;WagoSysVisuBACnet.VisuDialogs;Login;login.bmp;
ImagePoolDialogs;WagoSysVisuBACnet.VisuDialogs;Title;title.bmp;
ImagePoolDialogs;WagoSysVisuBACnet.VisuDialogs;Title2;title2.bmp;
ImagePoolDialogs;WagoSysVisuBACnet.VisuDialogs;File;file.bmp;
ImagePoolDialogs;WagoSysVisuBACnet.VisuDialogs;FileOpen;fileopen.bmp;
ImagePoolDialogs;WagoSysVisuBACnet.VisuDialogs;DirNew;dirnew.bmp;
ImagePoolDialogs;WagoSysVisuBACnet.VisuDialogs;DirUp;dirup.bmp;
ImagePoolDialogs;WagoSysVisuBACnet.VisuDialogs;Txt;textdocument.bmp;
ImagePoolDialogs;WagoSysVisuBACnet.VisuDialogs;Dir;folder.bmp;
ImagePoolDialogs;WagoSysVisuBACnet.VisuDialogs;Delete;delete.bmp;
WagoMaterialDesignIcons;WagoVisuIconsMaterialDesign;MD_alert_red;32px_alert_red.png;
WagoMaterialDesignIcons;WagoVisuIconsMaterialDesign;MD_warning_orange;32px_warning_orange.png;
WagoMaterialDesignIcons;WagoVisuIconsMaterialDesign;MD_info_blue;32px_info_blue.png;
WagoMaterialDesignIcons;WagoVisuIconsMaterialDesign;MD_help_blue;32px_help_blue.png;
WagoMaterialDesignIcons;WagoVisuIconsMaterialDesign;MD_ok_green;32px_ok_green.png;
WagoMaterialDesignIcons;WagoVisuIconsMaterialDesign;MD_add;32px_add_gray.png;
WagoMaterialDesignIcons;WagoVisuIconsMaterialDesign;MD_location;32px_location_gray.png;
WagoMaterialDesignIcons;WagoVisuIconsMaterialDesign;MD_cancel;32px_cancel_gray.png;
WagoMaterialDesignIcons;WagoVisuIconsMaterialDesign;MD_calender;32px_calender_gray.png;
WagoMaterialDesignIcons;WagoVisuIconsMaterialDesign;MD_column_edit;32px_columnedit_gray.png;
WagoMaterialDesignIcons;WagoVisuIconsMaterialDesign;MD_column_edit_white;32px_columnedit_white.png;
WagoMaterialDesignIcons;WagoVisuIconsMaterialDesign;MD_config;32px_config_gray.png;
WagoMaterialDesignIcons;WagoVisuIconsMaterialDesign;MD_delete;32px_delete_gray.png;
WagoMaterialDesignIcons;WagoVisuIconsMaterialDesign;MD_diagnostic;32px_diagnostics_gray.png;
WagoMaterialDesignIcons;WagoVisuIconsMaterialDesign;MD_download;32px_download_gray.png;
WagoMaterialDesignIcons;WagoVisuIconsMaterialDesign;MD_chart;32px_editchart_gray.png;
WagoMaterialDesignIcons;WagoVisuIconsMaterialDesign;MD_edit;32px_edit_gray.png;
WagoMaterialDesignIcons;WagoVisuIconsMaterialDesign;MD_external_link;32px_externallink_gray.png;
WagoMaterialDesignIcons;WagoVisuIconsMaterialDesign;MD_fax;32px_fax_gray.png;
WagoMaterialDesignIcons;WagoVisuIconsMaterialDesign;MD_explanation;32px_explanation_gray.png;
WagoMaterialDesignIcons;WagoVisuIconsMaterialDesign;MD_file_download;32px_filedownload_gray.png;
WagoMaterialDesignIcons;WagoVisuIconsMaterialDesign;MD_fiel_downlaod_white;32px_filedownload_white.png;
WagoMaterialDesignIcons;WagoVisuIconsMaterialDesign;MD_file_settings;32px_filesettings_gray.png;
WagoMaterialDesignIcons;WagoVisuIconsMaterialDesign;MD_curve;32px_curve_gray.png;
WagoMaterialDesignIcons;WagoVisuIconsMaterialDesign;MD_help;32px_help_gray.png;
WagoMaterialDesignIcons;WagoVisuIconsMaterialDesign;MD_language;32px_language_gray.png;
WagoMaterialDesignIcons;WagoVisuIconsMaterialDesign;MD_license;32px_licence_gray.png;
WagoMaterialDesignIcons;WagoVisuIconsMaterialDesign;MD_link;32px_link_gray.png;
WagoMaterialDesignIcons;WagoVisuIconsMaterialDesign;MD_logfile;32px_logfile_gray.png;
WagoMaterialDesignIcons;WagoVisuIconsMaterialDesign;MD_logout;32px_logout_gray.png;
WagoMaterialDesignIcons;WagoVisuIconsMaterialDesign;MD_mail;32px_mail_gray.png;
WagoMaterialDesignIcons;WagoVisuIconsMaterialDesign;MD_mail_settings;32px_mailsettings_gray.png;
WagoMaterialDesignIcons;WagoVisuIconsMaterialDesign;MD_maintenance;32px_maintenance_gray.png;
WagoMaterialDesignIcons;WagoVisuIconsMaterialDesign;MD_multi_select_blue;32px_multiselect_blue.png;
WagoMaterialDesignIcons;WagoVisuIconsMaterialDesign;MD_not_supported;32px_notsupported_gray.png;
WagoMaterialDesignIcons;WagoVisuIconsMaterialDesign;MD_not_supported_red;32px_notsupported_red.png;
WagoMaterialDesignIcons;WagoVisuIconsMaterialDesign;MD_ok;32px_ok_gray.png;
WagoMaterialDesignIcons;WagoVisuIconsMaterialDesign;MD_info;32px_info_gray.png;
WagoMaterialDesignIcons;WagoVisuIconsMaterialDesign;MD_overview;32px_overview_gray.png;
WagoMaterialDesignIcons;WagoVisuIconsMaterialDesign;MD_phone;32px_phone_gray.png;
WagoMaterialDesignIcons;WagoVisuIconsMaterialDesign;MD_print;32px_print_gray.png;
WagoMaterialDesignIcons;WagoVisuIconsMaterialDesign;MD_read;32px_read_gray.png;
WagoMaterialDesignIcons;WagoVisuIconsMaterialDesign;MD_save;32px_save_gray.png;
WagoMaterialDesignIcons;WagoVisuIconsMaterialDesign;MD_send;32px_send_gray.png;
WagoMaterialDesignIcons;WagoVisuIconsMaterialDesign;MD_settings;32px_settings_gray.png;
WagoMaterialDesignIcons;WagoVisuIconsMaterialDesign;MD_start;32px_start_gray.png;
WagoMaterialDesignIcons;WagoVisuIconsMaterialDesign;MD_addressing;32px_startaddressing_gray.png;
WagoMaterialDesignIcons;WagoVisuIconsMaterialDesign;MD_status;32px_status_gray.png;
WagoMaterialDesignIcons;WagoVisuIconsMaterialDesign;MD_stop;32px_stop_gray.png;
WagoMaterialDesignIcons;WagoVisuIconsMaterialDesign;MD_supported;32px_supported_gray.png;
WagoMaterialDesignIcons;WagoVisuIconsMaterialDesign;MD_supported_green;32px_supported_green.png;
WagoMaterialDesignIcons;WagoVisuIconsMaterialDesign;MD_timetable;32px_timetable_gray.png;
WagoMaterialDesignIcons;WagoVisuIconsMaterialDesign;MD_save_red;32px_unsaved_red.png;
IP_ElementImages; ;RoundRectangle;roundrectangle.svg;
IP_ElementImages; ;Ellipse;ellipse.svg;
IP_ElementImages; ;Polygon;polygon.svg;
IP_ElementImages; ;Polyline;polyline.svg;
IP_ElementImages; ;BezierCurve;béziercurve.svg;
IP_ElementImages; ;Button;button.svg;
IP_ElementImages; ;Image;image.svg;
IP_ElementImages; ;Line;line.svg;
IP_ElementImages; ;Pie;pie.svg;
IP_ElementImages; ;Frame;frame.svg;
IP_ElementImages; ;Groupbox;groupbox.svg;
IP_ElementImages; ;TabControl;tabcontrol.svg;
IP_ElementImages; ;Rectangle;rectangle.svg;
WagoIcons;WagoVisuIcons;4;wagovisuicons_status_error.png;
WagoIcons;WagoVisuIcons;2;wagovisuicons_status_warning.png;
WagoIcons;WagoVisuIcons;1;wagovisuicons_status_info.png;
WagoIcons;WagoVisuIcons;5;wagovisuicons_status_help.png;
WagoIcons;WagoVisuIcons;6;wagovisuicons_status_execute.png;
WagoIcons;WagoVisuIcons;7;wagovisuicons_status_warning_refresh.png;
WagoIcons;WagoVisuIcons;200;wagovisuicons_fluorescent _lamps.png;
WagoIcons;WagoVisuIcons;202;wagovisuicons_hid_lamps.png;
WagoIcons;WagoVisuIcons;204;wagovisuicons_incandescent_lamp.png;
WagoIcons;WagoVisuIcons;206;wagovisuicons_led_modules.png;
WagoIcons;WagoVisuIcons;208;wagovisuicons_colour_control.png;
WagoIcons;WagoVisuIcons;303;wagovisuicons_presence_detection.png;
WagoIcons;WagoVisuIcons;304;wagovisuicons_light_level.png;
WagoIcons;WagoVisuIcons;305;wagovisuicons_remote_control.png;
WagoIcons;WagoVisuIcons;301;wagovisuicons_pushbutton.png;
WagoIcons;WagoVisuIcons;3;wagovisuicons_status_ok.png;
WagoIcons;WagoVisuIcons;201;wagovisuicons_emlightingcontiniouslight.png;
WagoIcons;WagoVisuIcons;203;wagovisuicons_low_voltage_halogen_lamps.png;
WagoIcons;WagoVisuIcons;205;wagovisuicons_conversion_in_dc_level.png;
WagoIcons;WagoVisuIcons;207;wagovisuicons_switching_function.png;
WagoIcons;WagoVisuIcons;8;wagovisuicons_error_sync.png;
WagoIcons;WagoVisuIcons;400;wagovisuicons_addressing_execute.png;
WagoIcons;WagoVisuIcons;401;wagovisuicons_central_on.png;
WagoIcons;WagoVisuIcons;402;wagovisuicons_central_off.png;
WagoIcons;WagoVisuIcons;403;wagovisuicons_addressing_object.png;
WagoIcons;WagoVisuIcons;404;wagovisuicons_configuration_dali.png;
WagoIcons;WagoVisuIcons;405;wagovisuicons_group_scene_dali.png;
WagoIcons;WagoVisuIcons;406;wagovisuicons_grouptree.png;
WagoIcons;WagoVisuIcons;407;wagovisuicons_control_gears.png;
WagoIcons;WagoVisuIcons;408;wagovisuicons_sensortype1.png;
WagoIcons;WagoVisuIcons;409;wagovisuicons_sensortype2.png;
WagoIcons;WagoVisuIcons;410;wagovisuicons_operating_hours_set.png;
WagoIcons;WagoVisuIcons;411;wagovisuicons_operating_hours_reset.png;
WagoIcons;WagoVisuIcons;412;wagovisuicons_status_query.png;
WagoIcons;WagoVisuIcons;413;wagovisuicons_status_report.png;
WagoIcons;WagoVisuIcons;9;wagovisuicons_delete.png;
WagoIcons;WagoVisuIcons;1000;wagovisuicons_save.png;
WagoIcons;WagoVisuIcons;1001;wagovisuicons_save_as.png;
WagoIcons;WagoVisuIcons;1002;wagovisuicons_auto_save.png;
WagoIcons;WagoVisuIcons;1003;wagovisuicons_save_logfile.png;
WagoIcons;WagoVisuIcons;1004;wagovisuicons_folder.png;
WagoIcons;WagoVisuIcons;1005;wagovisuicons_folder_open.png;
WagoIcons;WagoVisuIcons;1006;wagovisuicons_application_folder.png;
WagoIcons;WagoVisuIcons;1007;wagovisuicons_folder_add.png;
WagoIcons;WagoVisuIcons;1008;wagovisuicons_import_csv.png;
WagoIcons;WagoVisuIcons;1009;wagovisuicons_import_export.png;
WagoIcons;WagoVisuIcons;1010;wagovisuicons_import_file.png;
WagoIcons;WagoVisuIcons;1011;wagovisuicons_import.png;
WagoIcons;WagoVisuIcons;1012;wagovisuicons_import_error.png;
WagoIcons;WagoVisuIcons;1013;wagovisuicons_import_project.png;
WagoIcons;WagoVisuIcons;1014;wagovisuicons_import_success.png;
WagoIcons;WagoVisuIcons;1015;wagovisuicons_export.png;
WagoIcons;WagoVisuIcons;1016;wagovisuicons_export_csv.png;
WagoIcons;WagoVisuIcons;1017;wagovisuicons_export_project.png;
WagoIcons;WagoVisuIcons;10;wagovisuicons_delete_1.png;
WagoIcons;WagoVisuIcons;2000;wagovisuicons_datapoint_add.png;
WagoIcons;WagoVisuIcons;2001;wagovisuicons_datapoint_remove.png;
WagoIcons;WagoVisuIcons;2002;wagovisuicons_datapoint_show_slave.png;
WagoIcons;WagoVisuIcons;2003;wagovisuicons_datapoint_grouping.png;
WagoIcons;WagoVisuIcons;1400;wagovisuicons_drawer.png;
WagoIcons;WagoVisuIcons;1401;wagovisuicons_language_setting.png;
WagoIcons;WagoVisuIcons;1402;wagovisuicons_plus.png;
WagoIcons;WagoVisuIcons;1403;wagovisuicons_sort_by_letter.png;
WagoIcons;WagoVisuIcons;1404;wagovisuicons_sort_by_number.png;
WagoIcons;WagoVisuIcons;1405;wagovisuicons_reset.png;
WagoIcons;WagoVisuIcons;1500;wagovisuicons_configuration_read.png;
WagoIcons;WagoVisuIcons;1406;wagovisuicons_network_set_address.png;
WagoIcons;WagoVisuIcons;1501;wagovisuicons_configuration_compare.png;
WagoIcons;WagoVisuIcons;1407;wagovisuicons_curve.png;
WagoIcons;WagoVisuIcons;1408;wagovisuicons_contact_support.png;
WagoIcons;WagoVisuIcons;1409;wagovisuicons_network_devices.png;
WagoIcons;WagoVisuIcons;1100;wagovisuicons_tcp_master.png;
WagoIcons;WagoVisuIcons;1101;wagovisuicons_tcp_slave.png;
WagoIcons;WagoVisuIcons;1102;wagovisuicons_modbusmaster.png;
WagoIcons;WagoVisuIcons;1103;wagovisuicons_modbusslave.png;
WagoIcons;WagoVisuIcons;1200;wagovisuicons_test_start.png;
WagoIcons;WagoVisuIcons;1201;wagovisuicons_test_stop.png;
WagoIcons;WagoVisuIcons;1202;wagovisuicons_test_write.png;
WagoIcons;WagoVisuIcons;1410;wagovisuicons_toolbox.png;
WagoIcons;WagoVisuIcons;1505;wagovisuicons_synchornise.png;
WagoIcons;WagoVisuIcons;1411;wagovisuicons_project_info.png;
WagoIcons;WagoVisuIcons;1412;wagovisuicons_configuration_info.png;
WagoIcons;WagoVisuIcons;1301;wagovisuicons_fieldbus_stop.png;
WagoIcons;WagoVisuIcons;1300;wagovisuicons_fieldbus_running.png;
WagoIcons;WagoVisuIcons;1302;wagovisuicons_fieldbus_error.png;
WagoIcons;WagoVisuIcons;2004;wagovisuicons_datapoint_move_down.png;
WagoIcons;WagoVisuIcons;2005;wagovisuicons_datapoint_move_up.png;
WagoIcons;WagoVisuIcons;1504;wagovisuicons_parameter_ refresh.png;
WagoIcons;WagoVisuIcons;1502;wagovisuicons_write_at_once.png;
WagoIcons;WagoVisuIcons;1413;wagovisuicons_settings.png;
WagoIcons;WagoVisuIcons;1503;wagovisuicons_write_all.png;
WagoIcons;WagoVisuIcons;1414;wagovisuicons_dali_module_2_hot.png;
WagoIcons;WagoVisuIcons;1415;wagovisuicons_project_settings.png;
WagoIcons;WagoVisuIcons;414;wagovisuicons_locate_start.png;
WagoIcons;WagoVisuIcons;415;wagovisuicons_locate_stop.png;
WagoIcons;WagoVisuIcons;1416;wagovisuicons_groupsettings.png;
WagoIcons;WagoVisuIcons;130;wagovisuicons_checkboxchecked_bascom.svg;
WagoIcons;WagoVisuIcons;100;wagovisuicons_checkboxchecked_def.svg;
WagoIcons;WagoVisuIcons;140;wagovisuicons_checkboxchecked_defcomvar2.svg;
WagoIcons;WagoVisuIcons;120;wagovisuicons_checkboxchecked_flat.svg;
WagoIcons;WagoVisuIcons;110;wagovisuicons_checkboxchecked_white.svg;
WagoIcons;WagoVisuIcons;122;wagovisuicons_checkboxgray_flat.svg;
WagoIcons;WagoVisuIcons;112;wagovisuicons_checkboxgray_white.svg;
WagoIcons;WagoVisuIcons;123;wagovisuicons_checkboxgreen_flat.svg;
WagoIcons;WagoVisuIcons;113;wagovisuicons_checkboxgreen_white.svg;
WagoIcons;WagoVisuIcons;124;wagovisuicons_checkboxred_flat.svg;
WagoIcons;WagoVisuIcons;114;wagovisuicons_checkboxred_white.svg;
WagoIcons;WagoVisuIcons;131;wagovisuicons_checkboxunchecked_bascom.svg;
WagoIcons;WagoVisuIcons;101;wagovisuicons_checkboxunchecked_def.svg;
WagoIcons;WagoVisuIcons;141;wagovisuicons_checkboxunchecked_defcomvar2.svg;
WagoIcons;WagoVisuIcons;121;wagovisuicons_checkboxunchecked_flat.svg;
WagoIcons;WagoVisuIcons;111;wagovisuicons_checkboxunchecked_white.svg;
WagoIcons;WagoVisuIcons;125;wagovisuicons_checkboxyellow_flat.svg;
WagoIcons;WagoVisuIcons;115;wagovisuicons_checkboxyellow_white.svg;
WagoIcons;WagoVisuIcons;1104;wagovisuicons_modbus.jpg;
WagoIcons;WagoVisuIcons;2100;wagovisuicons_play_green.svg;
WagoIcons;WagoVisuIcons;2110;wagovisuicons_stop_red.svg;
WagoIcons;WagoVisuIcons;2120;wagovisuicons_pause_rot.svg;
WagoIcons;WagoVisuIcons;2121;wagovisuicons_pause_grey.svg;
WagoIcons;WagoVisuIcons;1417;wagovisuicons_logout_user_blue_2_hot.png;
WagoIcons;WagoVisuIcons;2200;wagovisuicons_module_format_normal.png;
WagoIcons;WagoVisuIcons;2201;wagovisuicons_modulefactorydefaults.png;
WagoIcons;WagoVisuIcons;2202;wagovisuicons_telegramm_delete_normal.png;
WagoIcons;WagoVisuIcons;2203;wagovisuicons_telegramm_play_normal.png;
WagoIcons;WagoVisuIcons;2204;wagovisuicons_telegramm_record_normal.png;
WagoIcons;WagoVisuIcons;2205;wagovisuicons_telegramm_restart_normal.png;
WagoIcons;WagoVisuIcons;2206;wagovisuicons_telegramm_restart2_normal.png;
WagoIcons;WagoVisuIcons;2207;wagovisuicons_telegramm_stop_normal.png;
WagoIcons;WagoVisuIcons;2208;wagovisuicons_telegramm_stop2_normal.png;
WagoIcons;WagoVisuIcons;2209;wagovisuicons_tubular_gear_adressing_normal.png;
WagoIcons;WagoVisuIcons;2210;wagovisuicons_tubular_gear_autoscan_normal.png;
WagoIcons;WagoVisuIcons;2211;wagovisuicons_tubular_gear_normal.png;
WagoIcons;WagoVisuIcons;2212;wagovisuicons_tubular_gear_run_normal.png;
WagoIcons;WagoVisuIcons;2213;wagovisuicons_tubular_gear_scan_normal.png;
WagoIcons;WagoVisuIcons;2214;wagovisuicons_tubular_gear_settings_normal.png;
WagoIcons;WagoVisuIcons;2215;wagovisuicons_tubular_gear_autoscan_add_2_normal_32.png;
WagoIcons;WagoVisuIcons;2006;wagovisuicons_dp_datapoint.png;
WagoIcons;WagoVisuIcons;2007;wagovisuicons_dp_datapoint_dynamic_create.png;
WagoIcons;WagoVisuIcons;1418;wagovisuicons_license_runtime_hot.png;
WagoIcons;WagoVisuIcons;2301;wagovisuicons_bacnet_fault_red.png;
WagoIcons;WagoVisuIcons;2300;wagovisuicons_bacnet_hand_right_grey.png;
WagoIcons;WagoVisuIcons;2303;wagovisuicons_bacnet_refresh_green.png;
WagoIcons;WagoVisuIcons;2304;wagovisuicons_bacnet_refresh_grey.png;
WagoIcons;WagoVisuIcons;2306;wagovisuicons_bacnet_statusflag_fault_hot_24x24.png;
WagoIcons;WagoVisuIcons;2305;wagovisuicons_bacnet_statusflag_inalarm_hot_24x24.png;
WagoIcons;WagoVisuIcons;2307;wagovisuicons_bacnet_statusflag_manualoverride_hot_24x24.png;
WagoIcons;WagoVisuIcons;2308;wagovisuicons_bacnet_statusflag_outofservice_hot_24x24.png;
WagoIcons;WagoVisuIcons;2302;wagovisuicons_bcnet_fault_grey.png;
WagoIcons;WagoVisuIcons;2309;wagovisuicons_bacnet_status_warning_hot.png;
WagoIcons;WagoVisuIcons;2310;statusflag_inalarm_24x24_orange.png;
WagoIcons;WagoVisuIcons;2311;statusflag_fault_24x24_red.png;
WagoIcons;WagoVisuIcons;2312;statusflag_overridden_24x24_grey.png;
WagoIcons;WagoVisuIcons;2313;statusflag_outofservice_24x24_grey.png;
ImagePoolVHPready; ;VHPreadySchemaSP;vhpreadyschemasp.png;
